id,domain,old_code,proposed_code,new_code,source,reviewer_verdict,drafter_why,reviewer_reason,misconception
355,1,FCLE,SS.7.CG.2.6,SS.7.CG.2.6,draft+review-confirmed,CONFIRM,Misconception about voting process and voter ID laws.,Relates directly to voting processes and access.,Voter ID laws are purely about preventing fraud and have no effect on who gets to vote.
356,1,FCLE,SS.7.CG.2.8,SS.7.CG.2.8,reviewer-accepted,DISPUTE-then-replacement,Misconception about factors influencing political views.,Socialization is not media or interest group influence.,Political socialization only happens in school — what you learn in civics class determines your political views.
357,1,FCLE,SS.7.CG.2.6,SS.7.CG.2.6,draft+review-confirmed,CONFIRM,Misconception about the Electoral College election process.,Relates to the mechanics of the election process.,The presidential candidate who wins the popular vote always becomes president.
358,1,FCLE,SS.7.CG.2.8,SS.7.CG.2.8,draft+review-confirmed,CONFIRM,"Misconception about interest groups, lobbyists, and PACs.",Distinguishes between types of interest group actors.,Interest groups and lobbyists are basically the same thing as PACs.
359,1,FCLE,SS.7.CG.2.8,SS.7.CG.2.8,draft+review-confirmed,CONFIRM,Misconception about pluralist model and group influence.,Relates to group influence on government.,The pluralist model of democracy means every group gets equal influence over policy.
360,1,FCLE,SS.7.CG.2.9,SS.7.CG.2.9,draft+review-confirmed,CONFIRM,Misconception about media bias and political communications.,Directly addresses media bias and communication.,The media just reports the news objectively — bias in media is a recent problem caused by social media.
361,1,FCLE,SS.7.CG.2.8,SS.7.CG.2.8,draft+review-confirmed,CONFIRM,Misconception about iron triangles and government influence.,Relates to interest groups and government influence.,"Iron triangles — the alliance between agencies, interest groups, and congressional committees — are illegal because they bypass democratic accountabil"
362,1,FCLE,SS.7.CG.2.6,SS.7.CG.2.6,draft+review-confirmed,CONFIRM,Misconception about primary and general election rules.,Relates to the mechanics of election types.,Primary elections and general elections work the same way — any voter can vote for any candidate.
363,1,FCLE,SS.7.CG.2.6,SS.7.CG.2.6,draft+review-confirmed,CONFIRM,Misconception about swing states and election outcomes.,Relates to the election and voting process.,A swing state is a state that changes which party it votes for every single election.
364,1,FCLE,SS.7.CG.2.8,SS.7.CG.2.8,draft+review-confirmed,CONFIRM,Misconception about elite theory and government power.,Relates to groups influencing government.,The elite theory of democracy means a small secret group of wealthy people literally controls all government decisions.
365,2,FCLE,SS.7.CG.1.11,SS.7.CG.3.2,reviewer-kept-in-domain,DISPUTE,Misconception about the Commerce Clause and rule of law.,Relates to federalism and state/federal power balance.,The Commerce Clause only applies to trade between states — it has nothing to do with activities within a single state.
366,2,FCLE,SS.7.CG.1.11,SS.7.CG.1.2,reviewer-kept-in-domain,DISPUTE,Misconception about the Necessary and Proper Clause.,Relates to constitutional principles and founding ideas.,The Necessary and Proper Clause is a loophole that lets Congress pass any law it wants.
367,2,FCLE,SS.7.CG.1.11,SS.7.CG.3.2,reviewer-kept-in-domain,DISPUTE,Misconception about the Supremacy Clause and federal power.,Relates to federalism and division of powers.,The Supremacy Clause means federal law always automatically overrides state law in every situation.
368,2,FCLE,SS.7.CG.1.2,SS.7.CG.1.2,reviewer-accepted,DISPUTE-then-replacement,Misconception about the amendment process and founding ideas.,Relates to constitutional amendment principles.,Only Congress can propose amendments to the Constitution.
369,2,FCLE,SS.7.CG.1.11,SS.7.CG.3.2,reviewer-kept-in-domain,DISPUTE,Misconception about the 10th Amendment and Supremacy Clause.,Relates to federalism and state sovereignty.,"The 10th Amendment gives states all powers not listed in the Constitution, which means states can ignore federal laws they disagree with."
370,2,FCLE,SS.7.CG.1.11,SS.7.CG.1.2,reviewer-kept-in-domain,DISPUTE,Misconception about presidential veto powers and process.,Relates to constitutional processes and powers.,A pocket veto is when the president vetoes a bill by putting it in their pocket and never signing it.
371,2,FCLE,SS.7.CG.1.11,SS.7.CG.1.2,reviewer-kept-in-domain,DISPUTE,Misconception about executive privilege and judicial review.,Relates to constitutional powers and legal principles.,Executive privilege means the president can keep any information secret from Congress or the courts at any time.
372,2,FCLE,SS.7.CG.1.11,SS.7.CG.1.2,reviewer-kept-in-domain,DISPUTE,Misconception about War Powers Resolution and federal authority.,Relates to constitutional checks and balances.,"The War Powers Resolution gives presidents 60 days to use military force, after which Congress must declare war."
373,2,FCLE,SS.7.CG.1.11,SS.7.CG.1.2,reviewer-kept-in-domain,DISPUTE,Misconception about impeachment process and removal from office.,Relates to constitutional processes and law.,Impeachment means the president is removed from office immediately after the House votes to impeach.
374,2,FCLE,SS.7.CG.1.11,SS.7.CG.1.2,reviewer-kept-in-domain,DISPUTE,Misconception about Elastic Clause and Supremacy Clause.,Relates to constitutional principles and powers.,The elastic clause and the supremacy clause are basically the same thing — both expand federal power over states.
375,3,FCLE,SS.7.CG.1.10,SS.7.CG.1.2,reviewer-accepted,DISPUTE-then-replacement,Addresses Federalist No. 10 views on factions and republics.,"Federalist 10 concerns principles of government, not ratification viewpoints.",Federalist No. 10 says factions can be eliminated if we just have good leaders who put the country first.
376,3,FCLE,SS.7.CG.1.10,SS.7.CG.1.2,reviewer-accepted,DISPUTE-then-replacement,Addresses Federalist No. 10 views on factions and republics.,"Relates to republicanism principles, not ratification debate.",Federalist No. 10 supports direct democracy as the best way to prevent the tyranny of the majority.
377,3,FCLE,SS.7.CG.1.10,SS.7.CG.1.9,reviewer-accepted,DISPUTE-then-replacement,Addresses Federalist No. 51 views on checks and balances.,"Relates to checks and balances, not ratification viewpoints.",Federalist No. 51 says separation of powers works because government officials are naturally virtuous and respect the system.
378,3,FCLE,SS.7.CG.1.10,SS.7.CG.1.9,reviewer-accepted,DISPUTE-then-replacement,Addresses Federalist No. 51 views on checks and balances.,Relates to separation of powers and federalism.,The 'double security' Madison describes in Federalist No. 51 means having two houses of Congress as a check on the president.
379,3,FCLE,SS.7.CG.1.10,SS.7.CG.1.10,draft+review-confirmed,CONFIRM,Addresses Anti-Federalist arguments regarding ratification.,Directly addresses Anti-Federalist viewpoints and Bill of Rights.,The Anti-Federalists lost the debate over ratification because they didn't have any good arguments — they just complained about everything.
380,3,FCLE,SS.7.CG.1.10,SS.7.CG.1.10,draft+review-confirmed,CONFIRM,Addresses Anti-Federalist arguments regarding ratification.,Addresses Anti-Federalist arguments regarding sovereignty.,Brutus and the Anti-Federalists opposed the Constitution mainly because they wanted stronger state governments to have more power than the federal gov
381,3,FCLE,SS.7.CG.1.6,SS.7.CG.1.6,draft+review-confirmed,CONFIRM,Clarifies the Declaration of Independence did not create government.,Relates to the purpose of the Declaration.,The Declaration of Independence created the American government and established our laws.
382,3,FCLE,SS.7.CG.1.6,SS.7.CG.1.6,draft+review-confirmed,CONFIRM,Explains legal significance of Declaration of Independence grievances.,Relates to the grievances in the Declaration.,The Declaration of Independence's list of grievances against King George III is just historical venting — it has no legal significance.
383,3,FCLE,SS.7.CG.1.6,SS.7.CG.1.2,reviewer-preferred,CONFIRM-with-better-code,Explains origins of natural rights in Declaration of Independence.,Better fits principles underlying founding ideas.,The Declaration of Independence invented the idea of natural rights — Locke's philosophy was not well known before 1776.
384,3,FCLE,SS.7.CG.1.7,SS.7.CG.1.7,draft+review-confirmed,CONFIRM,Explains weaknesses of Articles of Confederation.,Relates to weaknesses of the Articles.,"The Articles of Confederation were basically the same as the Constitution, just an earlier draft."
385,3,FCLE,SS.7.CG.1.7,SS.7.CG.1.7,draft+review-confirmed,CONFIRM,Explains structural weaknesses of Articles of Confederation.,Relates to weaknesses of the Articles.,The Articles of Confederation failed because the states were too small and didn't care about working together.
386,3,FCLE,SS.7.CG.1.7,SS.7.CG.1.7,reviewer-accepted,DISPUTE-then-replacement,Explains ratification process following Articles of Confederation.,Ratification process is not a weakness of the Articles.,The Constitution was ratified quickly once everyone saw how bad the Articles of Confederation were.
387,3,FCLE,SS.7.CG.1.10,SS.7.CG.1.2,reviewer-accepted,DISPUTE-then-replacement,Distinguishes Federalist No. 10 and No. 51 topics.,"Relates to constitutional principles, not ratification debate.",Federalist No. 10 and Federalist No. 51 say basically the same thing — they're redundant.
388,3,FCLE,SS.7.CG.1.7,SS.7.CG.1.7,reviewer-accepted,DISPUTE-then-replacement,Clarifies ratification process and signing of Constitution.,"Relates to the Constitutional Convention, not Articles' weaknesses.","The Constitution was signed by all the Founding Fathers, so they all agreed on everything in it."
389,3,FCLE,SS.7.CG.1.9,SS.7.CG.1.9,reviewer-accepted,DISPUTE-then-replacement,Explains Three-Fifths Compromise as political agreement.,"Relates to constitutional compromises/limitations, not separation of powers.",The Three-Fifths Compromise in the Constitution proves the Founders believed enslaved people were three-fifths of a person.
395,4,FCLE,SS.7.CG.2.4,SS.7.CG.2.4,draft+review-confirmed,CONFIRM,Explains how the Constitution safeguards individual rights in schools.,Directly relates to Bill of Rights and individual rights.,Tinker v. Des Moines said students have the same free speech rights as adults everywhere.
396,4,FCLE,SS.7.CG.2.4,SS.7.CG.2.4,draft+review-confirmed,CONFIRM,Explains how the Constitution safeguards individual religious rights.,Relates to First Amendment and individual rights.,Engel v. Vitale banned all prayer in public schools — students aren't even allowed to pray silently.
397,4,FCLE,SS.7.CG.3.1,SS.7.CG.3.11,reviewer-accepted,DISPUTE-then-replacement,Analyzes advantages of constitutional republic regarding federal power.,Relates to landmark Supreme Court decision effects.,McCulloch v. Maryland is just about a bank — it's not that important for understanding federal power.
398,4,FCLE,SS.7.CG.2.4,SS.7.CG.2.4,draft+review-confirmed,CONFIRM,Explains how the Constitution safeguards free speech rights.,Relates to First Amendment and individual rights.,"Schenck v. United States created the 'clear and present danger' test, which means any speech that's dangerous can be banned."
399,4,FCLE,SS.7.CG.2.4,SS.7.CG.2.4,draft+review-confirmed,CONFIRM,Explains how the Constitution safeguards free speech rights.,Relates to First Amendment and individual rights.,Citizens United v. FEC means corporations can donate unlimited money directly to political candidates.
400,4,FCLE,SS.7.CG.3.13,SS.7.CG.3.11,reviewer-accepted,DISPUTE-then-replacement,Explains government obligations to citizens regarding civil rights.,Relates to legislative history and civil rights impact.,The Civil Rights Act of 1964 was passed because President Johnson just decided to sign it — it was his idea.
401,4,FCLE,SS.7.CG.3.6,SS.7.CG.3.6,draft+review-confirmed,CONFIRM,Analyzes how amendments broadened political participation.,Directly addresses 15th Amendment and political participation.,The Voting Rights Act of 1965 wasn't really necessary because the 15th Amendment already guaranteed voting rights.
402,4,FCLE,SS.7.CG.3.13,SS.7.CG.2.4,reviewer-accepted,DISPUTE-then-replacement,Explains government obligations to citizens with disabilities.,Relates to individual rights and anti-discrimination protections.,The Americans with Disabilities Act just means buildings need wheelchair ramps.
403,4,FCLE,SS.7.CG.3.11,SS.7.CG.3.11,draft+review-confirmed,CONFIRM,Analyzes effects of landmark Supreme Court decisions.,Directly addresses effects of landmark Supreme Court decisions.,Brown v. Board of Education immediately ended segregation in all American schools.
404,4,FCLE,SS.7.CG.3.1,SS.7.CG.3.11,reviewer-accepted,DISPUTE-then-replacement,Analyzes advantages of constitutional republic regarding judicial review.,Relates to landmark Supreme Court decision effects.,"Marbury v. Madison established judicial review, which is explicitly written in the Constitution."
415,1,FCLE,SS.7.CG.1.2,SS.7.CG.1.2,draft+review-confirmed,CONFIRM,Distinguishes philosophical social contract from constitutional legal document.,Relates to foundational principles of government legitimacy.,The social contract and the Constitution are interchangeable terms for the same concept.
416,1,FCLE,SS.7.CG.1.2,SS.7.CG.1.2,draft+review-confirmed,CONFIRM,Compares Hobbes and Locke on state of nature and government.,Relates to Enlightenment principles underlying founding ideas.,Hobbes and Locke fundamentally agreed about human nature in the state of nature.
417,1,FCLE,SS.7.CG.1.2,SS.7.CG.1.2,draft+review-confirmed,CONFIRM,"Clarifies limited government means constrained authority, not weak capacity.",Relates to principles of limited government.,Limited government means the government is too weak to accomplish significant national goals.
418,1,FCLE,SS.7.CG.1.11,SS.7.CG.1.11,draft+review-confirmed,CONFIRM,Explains rule of law allows legal change through democratic process.,Directly addresses the definition of rule of law.,"The rule of law means laws never change, regardless of new circumstances or societal needs."
419,1,FCLE,SS.7.CG.1.2,SS.7.CG.1.2,draft+review-confirmed,CONFIRM,Distinguishes Constitution's limited powers from Bill of Rights protections.,Relates to principles of limited government.,"The Bill of Rights created limited government — before it, the federal government had unlimited power."
420,1,FCLE,SS.7.CG.1.2,SS.7.CG.1.2,draft+review-confirmed,CONFIRM,Distinguishes constitutional limits from size of government programs.,Relates to principles of limited government.,Limited government and small government are the same political concept.
421,1,FCLE,SS.7.CG.1.2,SS.7.CG.1.2,draft+review-confirmed,CONFIRM,"Explains judicial review is implied power, not explicit constitutional text.",Relates to principles of checks and balances.,Judicial review is explicitly stated in the Constitution as a check on legislative power.
422,1,FCLE,SS.7.CG.1.2,SS.7.CG.1.2,draft+review-confirmed,CONFIRM,Distinguishes republic representative government from direct democracy.,Relates to the principle of popular sovereignty.,Popular sovereignty means the people vote directly on every law and policy decision.
423,1,FCLE,SS.7.CG.1.2,SS.7.CG.1.2,draft+review-confirmed,CONFIRM,"Traces popular sovereignty roots to Enlightenment philosophy, not just Founders.",Relates to origins of founding principles.,Popular sovereignty was a concept invented entirely by the American Founders.
424,1,FCLE,SS.7.CG.1.2,SS.7.CG.1.2,reviewer-accepted,DISPUTE-then-replacement,Explains Electoral College as mechanism of indirect popular sovereignty.,Electoral College is a specific structural mechanism of elections.,The Electoral College contradicts popular sovereignty because it can override the national popular vote.
425,1,FCLE,SS.7.CG.1.2,SS.7.CG.1.2,draft+review-confirmed,CONFIRM,Explains popular sovereignty constrained by minority rights and checks.,Relates to principles of popular sovereignty and rights.,Popular sovereignty means majority rule with no protections for minority rights.
426,1,FCLE,SS.7.CG.1.8,SS.7.CG.1.8,draft+review-confirmed,CONFIRM,Explains Preamble establishes popular sovereignty as source of legitimacy.,Directly addresses the purpose of the Preamble.,The preamble's 'We the People' is purely symbolic language with no real legal significance.
427,1,FCLE,SS.7.CG.2.6,SS.7.CG.2.6,reviewer-accepted,DISPUTE-then-replacement,Traces historical expansion of suffrage beyond initial property restrictions.,Relates to voting rights and suffrage history.,The U.S. has always had universal suffrage — the Founders intended for everyone to vote from the start.
428,1,FCLE,SS.7.CG.2.6,SS.7.CG.2.6,draft+review-confirmed,CONFIRM,Identifies structural barriers as cause of low voter turnout.,Relates to factors affecting the voting process.,Voter turnout in the U.S. is low because Americans are inherently less political than other citizens.
429,1,FCLE,SS.7.CG.2.6,SS.7.CG.2.6,draft+review-confirmed,CONFIRM,Analyzes impact of NVRA on voter registration barriers.,Relates to the voter registration process.,The National Voter Registration Act solved the voter registration problem completely.
430,1,FCLE,SS.7.CG.2.6,SS.7.CG.2.6,draft+review-confirmed,CONFIRM,Analyzes closed primaries as associational freedom within election process.,Relates to the mechanics of the election process.,Closed primaries are undemocratic because they prevent independent voters from having any influence.
431,1,FCLE,SS.7.CG.2.6,SS.7.CG.2.6,draft+review-confirmed,CONFIRM,Explains midterm importance for legislation and budget control.,Relates to election cycles and participation.,Midterm elections have lower turnout because they don't matter as much as presidential elections.
432,1,FCLE,SS.7.CG.2.6,SS.7.CG.2.6,reviewer-accepted,DISPUTE-then-replacement,Analyzes constitutionality of compulsory voting versus civic duties.,Relates to legal aspects of voting requirements.,Compulsory voting would be unconstitutional because it violates the First Amendment.
433,1,FCLE,SS.7.CG.2.6,SS.7.CG.2.6,draft+review-confirmed,CONFIRM,Traces historical adoption of secret ballot in late 19th century.,Relates to the history of voting methods.,The secret ballot (Australian ballot) was part of American elections from the founding era.
434,1,FCLE,SS.7.CG.1.2,SS.7.CG.1.2,draft+review-confirmed,CONFIRM,Traces Founders' original intent regarding political parties and factions.,Relates to founding ideas regarding political factions.,The Founders intended for political parties to be a central part of American democracy.
435,1,FCLE,SS.7.CG.2.8,SS.7.CG.2.8,draft+review-confirmed,CONFIRM,Misconception about interest groups influencing government.,Directly addresses the influence of interest groups.,Interest groups are undemocratic because they only represent wealthy or corporate interests.
436,1,FCLE,SS.7.CG.2.8,SS.7.CG.2.8,reviewer-accepted,DISPUTE-then-replacement,Misconception about partisan change and media influence.,"Partisan shifts are election/voting processes, not interest group impacts.",Realignment and dealignment refer to the same process of partisan change in the electorate.
437,1,FCLE,SS.7.CG.1.2,SS.7.CG.1.2,draft+review-confirmed,CONFIRM,Misconception about early political parties and founding ideas.,Relates to founding era political structures and principles.,"The Federalists and Anti-Federalists were the first political parties, functioning like Democrats and Republicans today."
438,1,FCLE,SS.7.CG.2.8,SS.7.CG.2.8,draft+review-confirmed,CONFIRM,Misconception about interest groups influencing government.,Addresses how interest groups influence government.,Interest groups always support one political party exclusively and never work across party lines.
439,1,FCLE,SS.7.CG.2.8,SS.7.CG.2.6,reviewer-accepted,DISPUTE-then-replacement,Misconception about partisan change and media influence.,Dealignment relates to voting behavior and party systems.,A dealignment means a political party has permanently collapsed and will never recover.
440,1,FCLE,SS.7.CG.1.11,SS.7.CG.2.8,reviewer-accepted,DISPUTE-then-replacement,Misconception about rule of law and petition rights.,Right to petition is an interest group/individual influence.,Lobbying is inherently corrupt — there is no legitimate constitutional basis for citizens to petition government.
441,1,FCLE,SS.7.CG.2.9,SS.7.CG.2.9,draft+review-confirmed,CONFIRM,Misconception about media bias and political communications.,Relates to media communications and political influence.,The bandwagon effect in polling proves polls should be banned to protect democracy.
442,1,FCLE,SS.7.CG.2.8,SS.7.CG.2.8,reviewer-accepted,DISPUTE-then-replacement,Misconception about media influence on government.,Public opinion is influenced by media and individuals.,Public opinion is too unstable to be a reliable guide for democratic governance.
443,1,FCLE,SS.7.CG.2.9,SS.7.CG.2.9,draft+review-confirmed,CONFIRM,Misconception about media bias and political communications.,Directly concerns media communication and framing.,Agenda-setting means the media tells people what to think about political issues.
444,1,FCLE,SS.7.CG.2.8,SS.7.CG.2.9,reviewer-accepted,DISPUTE-then-replacement,Misconception about media influence on government.,Relates to analyzing media/polling communications and bias.,A sampling error of ±3% means the poll is wrong 3% of the time it is conducted.
445,1,FCLE,SS.7.CG.2.9,SS.7.CG.2.9,draft+review-confirmed,CONFIRM,Misconception about media bias and political communications.,Analyzes media communications and their influence.,Social media has completely replaced traditional media as the primary agenda-setter in politics.
446,1,FCLE,SS.7.CG.2.8,SS.7.CG.2.9,reviewer-accepted,DISPUTE-then-replacement,Misconception about media influence on government.,Relates to media/polling accuracy and communication.,Public opinion polls become more accurate in election years because more people are paying attention.
447,1,FCLE,SS.7.CG.2.6,SS.7.CG.2.6,draft+review-confirmed,CONFIRM,Misconception about election and voting process.,Directly concerns the election and voting process.,Initiatives and referendums are the same thing — both let citizens directly create new laws.
448,1,FCLE,SS.7.CG.2.6,SS.7.CG.2.6,draft+review-confirmed,CONFIRM,Misconception about election and voting process.,Relates to state-level voting mechanisms.,Direct democracy mechanisms like initiatives and recalls are available in all 50 states.
449,1,FCLE,SS.7.CG.2.6,SS.7.CG.2.6,draft+review-confirmed,CONFIRM,Misconception about election and voting process.,Relates to the election and voting process.,Recall elections violate representative democracy because voters should wait until the next election to remove officials.
450,1,FCLE,SS.7.CG.2.8,SS.7.CG.2.8,draft+review-confirmed,CONFIRM,Misconception about interest groups influencing government.,Addresses interest group influence on political processes.,The initiative process is purely democratic and never influenced by wealthy donors or special interests.
451,1,FCLE,SS.7.CG.2.6,SS.7.CG.2.6,draft+review-confirmed,CONFIRM,Misconception about election and voting process.,Relates to the voting process and direct democracy.,Referendums are always about constitutional amendments and cannot be used for ordinary legislation.
452,1,FCLE,SS.7.CG.2.6,SS.7.CG.2.6,draft+review-confirmed,CONFIRM,Misconception about election and voting process.,Relates to the structure of the voting process.,Direct democracy tools like initiatives make representative government unnecessary.
453,1,FCLE,SS.7.CG.1.6,SS.7.CG.1.6,draft+review-confirmed,CONFIRM,Misconception about Declaration of Independence ideas.,Relates to the philosophy within the Declaration.,"Locke's natural rights philosophy applies only to American citizens, not to all human beings."
454,1,FCLE,SS.7.CG.1.2,SS.7.CG.2.6,reviewer-accepted,DISPUTE-then-replacement,Misconception about founding principles and law.,Gerrymandering is an election/districting process issue.,Gerrymandering is a modern problem that didn't exist during the Founding era.
455,2,FCLE,SS.7.CG.3.3,SS.7.CG.3.3,draft+review-confirmed,CONFIRM,Misconception about the structure and function of the legislative branch.,Relates to the structure and order of branches.,Article I establishes the executive branch first because the framers considered it the most important branch.
456,2,FCLE,SS.7.CG.3.9,SS.7.CG.3.9,draft+review-confirmed,CONFIRM,Misconception about the structure and function of the judicial branch.,Relates to judicial tenure and removal processes.,Article III's 'good behaviour' clause means federal judges can be removed for making unpopular rulings.
457,2,FCLE,SS.7.CG.3.9,SS.7.CG.1.9,reviewer-accepted,DISPUTE-then-replacement,Misconception about the structure and function of the judicial branch.,Supremacy Clause relates to federalism and limits on power.,"Article VI's Supremacy Clause only applies to the federal government's enumerated powers, not to implied powers."
458,2,FCLE,SS.7.CG.3.8,SS.7.CG.3.8,draft+review-confirmed,CONFIRM,Misconception about the structure and function of the executive branch.,Relates to executive branch powers and limitations.,Article II gives the president unlimited authority to issue executive orders that have the force of law.
459,2,FCLE,SS.7.CG.3.5,SS.7.CG.3.5,draft+review-confirmed,CONFIRM,Misconception about the amendment process outlined in Article V.,Directly addresses the Article V amendment process.,Article V makes ratifying a constitutional amendment easier than passing a federal statute because state legislatures can do it.
460,2,FCLE,SS.7.CG.3.8,SS.7.CG.3.7,reviewer-accepted,DISPUTE-then-replacement,Misconception about the structure and function of the executive branch.,Advice and consent is a legislative function/check.,The Senate's advice and consent role means it can reject any cabinet nominee for any reason without justification.
461,2,FCLE,SS.7.CG.3.7,SS.7.CG.3.7,draft+review-confirmed,CONFIRM,Misconception about the structure and function of the legislative branch.,Relates to legislative power via the Commerce Clause.,The Commerce Clause has always been interpreted broadly to give Congress power over all economic activity.
462,2,FCLE,SS.7.CG.3.7,SS.7.CG.3.7,draft+review-confirmed,CONFIRM,Misconception about the structure and function of the legislative branch.,Relates to Senate legislative processes and rules.,A filibuster is a constitutionally mandated protection for minority rights in the Senate.
463,2,FCLE,SS.7.CG.3.3,SS.7.CG.3.3,reviewer-accepted,DISPUTE-then-replacement,Misconception about the structure and function of the legislative branch.,Impeachment is a check involving both branches.,"The House has the sole power of impeachment, so it alone can remove a president from office."
464,2,FCLE,SS.7.CG.3.7,SS.7.CG.3.7,draft+review-confirmed,CONFIRM,Misconception about the structure and function of the legislative branch.,Relates to the structure and size of the House.,The Reapportionment Act of 1929 violated the Constitution by freezing the House at 435 members.
465,2,FCLE,SS.7.CG.3.8,SS.7.CG.1.9,reviewer-accepted,DISPUTE-then-replacement,Misconception about the structure and function of the executive branch.,Relates to separation of powers in foreign policy.,The unitary executive theory means the president has sole constitutional authority over all foreign policy decisions.
466,2,FCLE,SS.7.CG.3.8,SS.7.CG.3.8,draft+review-confirmed,CONFIRM,Misconception about the structure and function of the executive branch.,Relates to presidential powers and their origins.,Executive privilege is explicitly stated in the Constitution as a presidential power.
467,2,FCLE,SS.7.CG.3.8,SS.7.CG.3.8,draft+review-confirmed,CONFIRM,Misconception about the structure and function of the executive branch.,Relates to executive role as Commander in Chief.,The War Powers Resolution of 1973 solved the constitutional ambiguity about who can commit troops to combat.
468,2,FCLE,SS.7.CG.3.8,SS.7.CG.3.8,draft+review-confirmed,CONFIRM,Misconception about the structure and function of the executive branch.,Relates to the executive election process.,The Electoral College was designed to reflect the popular will and has functioned that way throughout history.
469,2,FCLE,SS.7.CG.3.8,SS.7.CG.3.8,draft+review-confirmed,CONFIRM,Misconception about the structure and function of the executive branch.,Relates to presidential succession and disability.,The Twenty-Fifth Amendment's disability provision has always been the constitutional mechanism for presidential succession during illness.
470,2,FCLE,SS.7.CG.3.9,SS.7.CG.3.9,draft+review-confirmed,CONFIRM,Misconception about the structure and function of the judicial branch.,Relates to judicial branch jurisdiction.,The Supreme Court's original jurisdiction under Article III means it hears most cases first before any lower court.
471,2,FCLE,SS.7.CG.3.9,SS.7.CG.3.9,draft+review-confirmed,CONFIRM,Misconception about the structure and function of the judicial branch.,Relates to judicial branch powers and review.,Judicial review was explicitly written into Article III by the framers as a core feature of the judiciary.
472,2,FCLE,SS.7.CG.3.9,SS.7.CG.3.9,draft+review-confirmed,CONFIRM,Misconception about the structure and function of the judicial branch.,Relates to judicial processes and precedent.,Stare decisis means the Supreme Court can never overturn its own previous rulings.
473,2,FCLE,SS.7.CG.3.9,SS.7.CG.3.7,reviewer-accepted,DISPUTE-then-replacement,Misconception about the structure and function of the judicial branch.,Confirmation is a legislative process/check.,"Federal judges are confirmed by the full Congress, just like Supreme Court justices."
474,2,FCLE,SS.7.CG.3.9,SS.7.CG.1.9,reviewer-accepted,DISPUTE-then-replacement,Misconception about the structure and function of the judicial branch.,Relates to rule of law and legal limits.,The doctrine of sovereign immunity means the federal government can never be sued by private citizens under any circumstances.
475,2,FCLE,SS.7.CG.3.2,SS.7.CG.3.2,draft+review-confirmed,CONFIRM,Explains federalism models balancing state sovereignty and national unity.,Relates to the division of power in a federal system.,Dual federalism means state and federal governments have always operated in completely separate policy spheres.
476,2,FCLE,SS.7.CG.3.2,SS.7.CG.3.2,draft+review-confirmed,CONFIRM,Explains federalism models balancing state sovereignty and national unity.,Relates to the evolution of federalism models.,Cooperative federalism began with the New Deal and has been the dominant model continuously since the 1930s.
477,2,FCLE,SS.7.CG.3.2,SS.7.CG.1.9,reviewer-accepted,DISPUTE-then-replacement,Explains federalism models balancing state sovereignty and national unity.,Relates to constitutional limits on government power.,The Tenth Amendment reserves all powers to the states unless the federal government explicitly claims them.
478,2,FCLE,SS.7.CG.3.2,SS.7.CG.3.2,reviewer-accepted,DISPUTE-then-replacement,Explains federalism models balancing state sovereignty and national unity.,Relates to federal supremacy within the federal system.,McCulloch v. Maryland established that states can tax federal operations within their borders.
479,2,FCLE,SS.7.CG.3.2,SS.7.CG.3.2,reviewer-accepted,DISPUTE-then-replacement,Explains federalism models balancing state sovereignty and national unity.,Relates to federalism and intergovernmental relations.,Unfunded mandates are unconstitutional because the federal government cannot force states to spend money.
480,2,FCLE,SS.7.CG.3.3,SS.7.CG.3.3,draft+review-confirmed,CONFIRM,Explains how branches limit each other asymmetrically.,Relates to the functions of the three branches.,Checks and balances means each branch can veto any action by the other two branches equally.
481,2,FCLE,SS.7.CG.3.3,SS.7.CG.3.3,draft+review-confirmed,CONFIRM,Distinguishes separation of powers from checks and balances.,Relates to the structure and function of branches.,Separation of powers and checks and balances are essentially the same constitutional concept.
482,2,FCLE,SS.7.CG.3.8,SS.7.CG.3.8,draft+review-confirmed,CONFIRM,Explains executive branch functions and legal limits.,Relates to executive branch functions and processes.,The signing statement is a constitutional tool presidents use to formally veto parts of legislation they disagree with.
483,2,FCLE,SS.7.CG.3.7,SS.7.CG.3.7,draft+review-confirmed,CONFIRM,Explains legislative branch processes and constitutional limits.,Relates to legislative branch processes and powers.,"Legislative veto provisions, where Congress can overturn executive agency actions by a simple resolution, are constitutional."
484,2,FCLE,SS.7.CG.3.8,SS.7.CG.3.8,draft+review-confirmed,CONFIRM,Explains executive branch functions and delegation limits.,Relates to executive branch authority and delegation.,The nondelegation doctrine prevents Congress from giving any of its lawmaking authority to executive agencies.
485,2,FCLE,SS.7.CG.3.5,SS.7.CG.3.5,draft+review-confirmed,CONFIRM,Explains the amendment process outlined in Article V.,Relates to the Article V amendment process.,A constitutional convention called by two-thirds of the states could only consider the specific amendments the states requested.
486,2,FCLE,SS.7.CG.3.5,SS.7.CG.3.5,draft+review-confirmed,CONFIRM,Explains the amendment process outlined in Article V.,Relates to the amendment ratification process.,The Equal Rights Amendment was never ratified because it failed to get the required three-fourths of state legislatures.
487,2,FCLE,SS.7.CG.3.5,SS.7.CG.3.5,draft+review-confirmed,CONFIRM,Explains the amendment process outlined in Article V.,Relates to the amendment ratification process.,"Once an amendment is proposed by Congress, it remains pending indefinitely until enough states ratify it."
488,2,FCLE,SS.7.CG.3.5,SS.7.CG.3.5,draft+review-confirmed,CONFIRM,Explains the amendment process outlined in Article V.,Relates to the amendment ratification process.,The Twenty-Seventh Amendment proves that amendments can be ratified centuries after being proposed without any time limit.
489,2,FCLE,SS.7.CG.3.5,SS.7.CG.3.5,draft+review-confirmed,CONFIRM,Explains the amendment process outlined in Article V.,Relates to the Article V amendment process.,State conventions for ratifying amendments are just informal advisory bodies with no real legal authority.
490,2,FCLE,SS.7.CG.3.9,SS.7.CG.2.3,reviewer-accepted,DISPUTE-then-replacement,Explains judicial branch function of incorporation.,Relates to the application of Bill of Rights.,"The Bill of Rights originally applied to all government actions — federal, state, and local — from the beginning."
491,2,FCLE,SS.7.CG.3.9,SS.7.CG.2.3,reviewer-accepted,DISPUTE-then-replacement,Explains judicial branch interpretation of the Second Amendment.,Relates to interpreting specific amendment rights.,The Second Amendment's right to bear arms has always been interpreted as an individual right unrelated to militia service.
492,2,FCLE,SS.7.CG.3.9,SS.7.CG.2.3,reviewer-accepted,DISPUTE-then-replacement,Explains judicial branch interpretation of the Establishment Clause.,Relates to the application of the Bill of Rights.,The Establishment Clause requires strict separation of all religious expression from public life.
493,2,FCLE,SS.7.CG.3.9,SS.7.CG.2.3,reviewer-accepted,DISPUTE-then-replacement,Explains judicial branch use of the Ninth Amendment.,Relates to the application of the Bill of Rights.,The Ninth Amendment is a meaningless catch-all with no practical legal effect on constitutional interpretation.
494,2,FCLE,SS.7.CG.3.9,SS.7.CG.2.3,reviewer-accepted,DISPUTE-then-replacement,Explains judicial branch development of the incorporation doctrine.,Relates to the application of the Bill of Rights.,The incorporation doctrine was established immediately after the Fourteenth Amendment was ratified in 1868.
495,2,FCLE,SS.7.CG.1.9,SS.7.CG.1.9,draft+review-confirmed,CONFIRM,Focuses on limits of power via 10th Amendment and federalism.,Relates to constitutional limits on government power.,The Tenth Amendment to the Bill of Rights is the most litigated amendment because it protects broad state sovereignty.
496,2,FCLE,SS.7.CG.3.2,SS.7.CG.3.2,reviewer-accepted,DISPUTE-then-replacement,Discusses federalism and state sovereignty vs national unity.,"Focuses on federalism, not specific state constitution content.",State constitutions are basically simplified copies of the US Constitution with the same structure and rights.
497,2,FCLE,SS.7.CG.3.2,SS.7.CG.3.13,reviewer-accepted,DISPUTE-then-replacement,Addresses state sovereignty and local government limits.,Relates to local government authority and structure.,Home rule gives local governments constitutional autonomy independent of state control.
498,2,FCLE,SS.7.CG.3.9,SS.7.CG.3.9,draft+review-confirmed,CONFIRM,Focuses on judicial branch authority and state/federal court roles.,Relates to the functions of the judicial branch.,State supreme courts must follow US Supreme Court precedent on matters of state constitutional law.
499,2,FCLE,SS.7.CG.3.2,SS.7.CG.3.13,reviewer-accepted,DISPUTE-then-replacement,Relates to federalism and state control over local governments.,Relates to local government structure and authority.,City charters function the same way as state constitutions and provide the same level of governmental authority.
500,2,FCLE,SS.7.CG.3.2,SS.7.CG.3.2,reviewer-accepted,DISPUTE-then-replacement,Discusses federal supremacy and state cooperation in federalism.,Relates to federalism and state interactions.,Interstate compacts are unconstitutional agreements between states that violate federal supremacy.
501,2,FCLE,SS.7.CG.3.8,SS.7.CG.3.8,draft+review-confirmed,CONFIRM,Clarifies executive branch structure and lack of fourth branch.,Relates to executive branch structure and functions.,The federal bureaucracy is a fourth branch of government with its own constitutional foundation.
502,2,FCLE,SS.7.CG.3.8,SS.7.CG.3.8,draft+review-confirmed,CONFIRM,Explains executive branch structure and independent agency functions.,Relates to executive branch agencies and control.,Independent regulatory agencies like the FCC and SEC are fully controlled by the president because they are part of the executive branch.
503,2,FCLE,SS.7.CG.3.9,SS.7.CG.3.9,draft+review-confirmed,CONFIRM,Distinguishes judicial branch roles from administrative law judges.,Relates to judicial functions and branch structure.,Administrative law judges (ALJs) are regular federal judges appointed under Article III of the Constitution.
504,2,FCLE,SS.7.CG.3.8,SS.7.CG.3.8,reviewer-accepted,DISPUTE-then-replacement,Describes executive branch processes and informal political relationships.,"Relates to executive branch interactions, not structure.","Iron triangles — the alliance between agencies, interest groups, and congressional committees — are formally established in the Constitution."
505,3,FCLE,SS.7.CG.1.2,SS.7.CG.1.2,draft+review-confirmed,CONFIRM,"Traces founding ideas on law, government, and social contract.",Relates to founding principles and social contract.,Declaration establishes Hobbesian social contract surrendering all rights to sovereign
506,3,FCLE,SS.7.CG.1.2,SS.7.CG.1.2,draft+review-confirmed,CONFIRM,Traces principles underlying America's founding ideas on law.,Relates to founding principles and Enlightenment ideas.,Jefferson invented entirely original philosophical arguments in the Declaration
507,3,FCLE,SS.7.CG.1.2,SS.7.CG.1.2,draft+review-confirmed,CONFIRM,Traces founding ideas distinguishing Declaration from governing charter.,Relates to the nature of founding documents.,The Declaration functioned as a governing charter establishing American institutions
508,3,FCLE,SS.7.CG.1.2,SS.7.CG.1.2,draft+review-confirmed,CONFIRM,Traces founding ideas on law and government grievances.,Relates to principles in the Declaration.,The grievances against George III were purely emotional rhetoric without legal basis
509,3,FCLE,SS.7.CG.1.2,SS.7.CG.1.2,draft+review-confirmed,CONFIRM,Traces principles underlying America's founding ideas on law.,Relates to Enlightenment principles in founding documents.,Self-evident truths require no philosophical reasoning to understand
510,3,FCLE,SS.7.CG.1.2,SS.7.CG.1.2,draft+review-confirmed,CONFIRM,Traces principles underlying America's founding ideas on law.,Relates to Lockean principles in founding documents.,"Locke's influence on Declaration limited to 'life, liberty, pursuit of happiness'"
511,3,FCLE,SS.7.CG.1.2,SS.7.CG.1.2,draft+review-confirmed,CONFIRM,Traces principles underlying America's founding ideas on law.,Relates to founding principles of consent.,Consent of the governed means direct democracy requiring every citizen's vote
512,3,FCLE,SS.7.CG.1.2,SS.7.CG.1.2,draft+review-confirmed,CONFIRM,Traces principles underlying America's founding ideas on law.,Relates to founding principles and traditions.,Declaration completely rejected British political tradition and philosophy
513,3,FCLE,SS.7.CG.1.7,SS.7.CG.1.7,draft+review-confirmed,CONFIRM,Explains how Articles' weaknesses led to Constitution.,Relates to the Articles of Confederation's weaknesses.,The Articles' weakness was an accidental drafting flaw
514,3,FCLE,SS.7.CG.1.7,SS.7.CG.1.7,draft+review-confirmed,CONFIRM,Explains how Articles' weaknesses led to Constitution.,Relates to the Articles of Confederation's legacy.,The Articles achieved nothing of lasting significance
515,3,FCLE,SS.7.CG.1.7,SS.7.CG.1.7,draft+review-confirmed,CONFIRM,Highlights structural flaw of Articles lacking enforcement power.,Directly addresses structural weaknesses of the Articles.,States ignored requisitions simply out of laziness
516,3,FCLE,SS.7.CG.1.7,SS.7.CG.1.7,draft+review-confirmed,CONFIRM,Explains deliberate absence of executive branch in Articles.,Relates to structural weaknesses of the Articles.,The Articles lacked an executive branch by oversight
517,3,FCLE,SS.7.CG.1.7,SS.7.CG.1.7,draft+review-confirmed,CONFIRM,Describes economic failure of Articles requisition system.,Relates to economic weaknesses of the Articles.,The requisition system effectively funded national government
518,3,FCLE,SS.7.CG.1.7,SS.7.CG.1.7,draft+review-confirmed,CONFIRM,Shows Articles inability to enforce foreign policy treaties.,Relates to foreign policy weaknesses of the Articles.,The Articles successfully managed foreign policy
519,3,FCLE,SS.7.CG.1.2,SS.7.CG.1.2,reviewer-accepted,DISPUTE-then-replacement,Connects Northwest Ordinance principles to founding ideas.,Northwest Ordinance is not a founding principle of law/government.,The Northwest Ordinance merely divided western land
520,3,FCLE,SS.7.CG.1.7,SS.7.CG.1.7,draft+review-confirmed,CONFIRM,Clarifies Congress could not enforce laws under Articles.,Relates to enforcement weaknesses of the Articles.,The Confederation Congress could enforce its own laws
521,3,FCLE,SS.7.CG.1.9,SS.7.CG.1.9,reviewer-accepted,DISPUTE-then-replacement,Explains Commerce Clause limits on federal economic power.,"Commerce Clause is about federal power, not limiting it.",The Commerce Clause granted Congress unlimited power to regulate all economic activity nationwide.
522,3,FCLE,SS.7.CG.1.9,SS.7.CG.1.9,reviewer-accepted,DISPUTE-then-replacement,Defines Necessary and Proper Clause as limited instrument.,"Necessary and Proper Clause expands power, it does not limit it.",The Necessary and Proper Clause is an independent grant of unlimited legislative power to Congress.
523,3,FCLE,SS.7.CG.1.9,SS.7.CG.1.9,reviewer-accepted,DISPUTE-then-replacement,Explains implied powers as constitutional federal authority.,"Discusses expansion of power, not the mechanism of limiting it.",Implied powers represent unconstitutional federal overreach beyond the Framers' original design.
524,3,FCLE,SS.7.CG.1.9,SS.7.CG.1.9,reviewer-accepted,DISPUTE-then-replacement,Clarifies Supremacy Clause limits federal power scope.,"Supremacy Clause defines federal authority, not the limitation of it.",The Supremacy Clause makes all federal laws automatically supreme over state laws in every area.
525,3,FCLE,SS.7.CG.1.9,SS.7.CG.1.9,reviewer-accepted,DISPUTE-then-replacement,Explains Article V design balances stability and adaptability.,Amendment process is not listed under the limits of power.,Article V's difficult amendment process was an unintentional design flaw causing harmful rigidity.
526,3,FCLE,SS.7.CG.1.6,SS.7.CG.1.10,reviewer-accepted,DISPUTE-then-replacement,Clarifies 'We the People' sovereignty vs direct democracy.,"Relates to ratification debates, not Declaration of Independence grievances.",'We the People' meant the Constitution was ratified through direct democratic popular vote.
527,3,FCLE,SS.7.CG.1.8,SS.7.CG.1.8,draft+review-confirmed,CONFIRM,Explains Preamble significance for constitutional interpretation.,Directly addresses the purpose of the Preamble.,The Preamble is purely decorative with no significance for constitutional interpretation or meaning.
528,3,FCLE,SS.7.CG.1.9,SS.7.CG.1.9,reviewer-accepted,DISPUTE-then-replacement,Explains federalism balance preserves state sovereignty.,"Discusses federalism/sovereignty, not specific constitutional limits listed.",The Necessary and Proper Clause and Supremacy Clause together eliminate state sovereignty completely.
529,3,FCLE,SS.7.CG.1.2,SS.7.CG.1.2,draft+review-confirmed,CONFIRM,Explains Madison's view on factions and liberty.,Relates to Madisonian principles of government.,Madison sought to eliminate factions through government regulation
530,3,FCLE,SS.7.CG.1.2,SS.7.CG.1.2,draft+review-confirmed,CONFIRM,Explains Madison's theory on large republics controlling factions.,Relates to Madisonian principles of government.,Madison believed small republics better control factional violence
531,3,FCLE,SS.7.CG.1.2,SS.7.CG.1.2,draft+review-confirmed,CONFIRM,Explains Madison's rejection of pure democracy.,Relates to Madisonian principles of government.,Fed 10 advocates pure democracy for authentic popular rule
532,3,FCLE,SS.7.CG.1.2,SS.7.CG.1.2,draft+review-confirmed,CONFIRM,Explains representative filtering vs mirroring constituents.,Relates to Madisonian principles of government.,Representatives should directly mirror their constituents' views
533,3,FCLE,SS.7.CG.1.2,SS.7.CG.1.2,draft+review-confirmed,CONFIRM,Explains factions inherent in human nature and liberty.,Relates to Madisonian principles of government.,Fed 10 assumes social unity can overcome factional division
534,3,FCLE,SS.7.CG.1.2,SS.7.CG.1.2,draft+review-confirmed,CONFIRM,Explains pluralism relies on faction competition.,Relates to Madisonian principles of government.,Madison's pluralism expects factions to cooperate for common good
535,3,FCLE,SS.7.CG.1.2,SS.7.CG.1.2,draft+review-confirmed,CONFIRM,Addresses founding principles of factions and extended republic.,Relates to foundational principles of republicanism and factionalism.,The extended republic requires cultural homogeneity to function
536,3,FCLE,SS.7.CG.1.2,SS.7.CG.1.2,draft+review-confirmed,CONFIRM,Addresses founding principles of representation and popular will.,Relates to foundational principles of representation and republicanism.,Fed 10's representation amplifies popular will in governance
537,3,FCLE,SS.7.CG.1.2,SS.7.CG.1.2,draft+review-confirmed,CONFIRM,Addresses founding principles of human nature and institutional design.,Relates to foundational principles of institutional design and human nature.,"""Ambition counteracts ambition"" means leaders must be virtuous"
538,3,FCLE,SS.7.CG.1.9,SS.7.CG.1.9,draft+review-confirmed,CONFIRM,Explains how Constitution limits power via separation and checks.,Directly addresses definitions of separation of powers and checks/balances.,Separation of powers and checks and balances are identical concepts
539,3,FCLE,SS.7.CG.1.2,SS.7.CG.1.2,draft+review-confirmed,CONFIRM,Addresses founding principles of federalism and compound republic.,Relates to the principle of federalism in founding ideas.,The compound republic means federal government controls the states
540,3,FCLE,SS.7.CG.1.9,SS.7.CG.1.9,draft+review-confirmed,CONFIRM,Explains how Constitution limits power while maintaining strength.,Relates to how the Constitution limits government power.,Federalist 51 advocates limiting government power by keeping it weak
541,3,FCLE,SS.7.CG.1.2,SS.7.CG.1.2,draft+review-confirmed,CONFIRM,Addresses founding principles of human nature and government necessity.,Relates to the philosophical principles underlying founding ideas.,Madison's institutional design assumes human nature is generally good
542,3,FCLE,SS.7.CG.1.9,SS.7.CG.1.9,draft+review-confirmed,CONFIRM,Explains how Constitution limits power via checks and balances.,Directly addresses the mechanism of checks and balances.,Checks and balances requires each branch to have exactly equal power
543,3,FCLE,SS.7.CG.1.9,SS.7.CG.1.9,draft+review-confirmed,CONFIRM,Explains how Constitution limits power via federalism and separation.,Relates to the structural application of checks and balances.,"Federalist 51's ""double security"" refers only to bicameralism"
544,3,FCLE,SS.7.CG.1.2,SS.7.CG.1.2,draft+review-confirmed,CONFIRM,Addresses founding principles of popular sovereignty and civic participation.,Relates to foundational principles of popular sovereignty and governance.,Madison believed institutions alone prevent tyranny without civic participation
545,3,FCLE,SS.7.CG.1.10,SS.7.CG.1.10,draft+review-confirmed,CONFIRM,Compares Anti-Federalist views on republic size and virtue.,Compares Federalist and Anti-Federalist viewpoints on political theory.,Anti-Federalists lacked coherent political theory
546,3,FCLE,SS.7.CG.1.10,SS.7.CG.1.10,draft+review-confirmed,CONFIRM,Compares Anti-Federalist views on judicial tyranny and structure.,Relates to Anti-Federalist concerns regarding the Constitution.,Brutus feared presidential tyranny most
547,3,FCLE,SS.7.CG.1.10,SS.7.CG.1.10,draft+review-confirmed,CONFIRM,Compares Anti-Federalist views on Bill of Rights necessity.,Relates to Anti-Federalist views on the Bill of Rights.,Anti-Federalists opposed adding a Bill of Rights
548,3,FCLE,SS.7.CG.1.10,SS.7.CG.1.10,draft+review-confirmed,CONFIRM,Compares Anti-Federalist views on standing armies and tyranny.,Relates to Anti-Federalist arguments regarding federal power.,Standing army concerns were about wartime only
549,3,FCLE,SS.7.CG.1.10,SS.7.CG.1.10,draft+review-confirmed,CONFIRM,Compares Anti-Federalist views on large republics and virtue.,Compares Federalist and Anti-Federalist views on republic size.,Cato and Centinel supported Madison's large republic theory
550,3,FCLE,SS.7.CG.1.10,SS.7.CG.1.10,draft+review-confirmed,CONFIRM,Compares Anti-Federalist views on state sovereignty and consolidation.,Relates to Anti-Federalist views on state sovereignty.,Anti-Federalists wanted states abolished for national unity
551,3,FCLE,SS.7.CG.1.10,SS.7.CG.1.10,draft+review-confirmed,CONFIRM,Compares Anti-Federalist views on judicial review and tyranny.,Relates to Anti-Federalist views on judicial power.,Brutus supported judicial review as democratic check
552,3,FCLE,SS.7.CG.1.10,SS.7.CG.1.10,draft+review-confirmed,CONFIRM,"Compares Anti-Federalist views on diversity, factions, and virtue.",Compares Federalist and Anti-Federalist views on factionalism.,Anti-Federalists agreed diversity controls factions
553,3,FCLE,SS.7.CG.1.2,SS.7.CG.1.2,draft+review-confirmed,CONFIRM,Addresses founding principles of Electoral College rationale.,Relates to the principles behind founding institutional design.,Electoral College designed primarily to protect slaveholding interests
554,3,FCLE,SS.7.CG.1.2,SS.7.CG.1.2,draft+review-confirmed,CONFIRM,Addresses founding principles of Federalist Papers as persuasion.,Relates to the context of America's founding ideas.,"The Federalist Papers are objective, dispassionate political theory"
595,4,FCLE,SS.7.CG.3.8,SS.7.CG.3.8,draft+review-confirmed,CONFIRM,Misconception concerns executive branch authority and limits.,Relates to executive power and constitutional limits.,Executive orders have the same constitutional authority as congressional legislation.
596,4,FCLE,SS.7.CG.3.11,SS.7.CG.3.11,draft+review-confirmed,CONFIRM,Misconception concerns Supreme Court decisions on New Deal.,Relates to landmark Supreme Court decisions.,The Supreme Court immediately upheld FDR's expansion of federal commerce power.
597,4,FCLE,SS.7.CG.3.11,SS.7.CG.3.11,draft+review-confirmed,CONFIRM,Misconception concerns Supreme Court decisions on internment.,Relates to landmark Supreme Court decisions.,The Supreme Court overturned Korematsu shortly after World War II ended.
598,4,FCLE,SS.7.CG.3.8,SS.7.CG.3.8,draft+review-confirmed,CONFIRM,Misconception concerns executive branch war powers.,Relates to executive branch functions and powers.,The War Powers Resolution requires congressional approval before deploying troops abroad.
599,4,FCLE,SS.7.CG.2.4,SS.7.CG.3.11,reviewer-accepted,DISPUTE-then-replacement,Misconception concerns constitutional sources for federal programs.,Relates to constitutional interpretation and judicial review.,Great Society programs relied on the same Commerce Clause basis as New Deal laws.
600,4,FCLE,SS.7.CG.3.11,SS.7.CG.3.11,draft+review-confirmed,CONFIRM,Misconception concerns Supreme Court and FDR court-packing.,Relates to landmark Supreme Court decisions.,FDR's court-packing plan passed and expanded the Supreme Court to fifteen justices.
601,4,FCLE,SS.7.CG.3.11,SS.7.CG.3.11,draft+review-confirmed,CONFIRM,Misconception concerns Supreme Court decision on Social Security.,Relates to landmark Supreme Court decisions.,The Supreme Court upheld Social Security under Congress's commerce power.
602,4,FCLE,SS.7.CG.3.11,SS.7.CG.3.11,draft+review-confirmed,CONFIRM,Misconception concerns Supreme Court decision on internment.,Relates to landmark Supreme Court decisions.,Japanese internment was solely FDR's action through Executive Order 9066—Congress never authorized it.
603,4,FCLE,SS.7.CG.2.4,SS.7.CG.2.4,draft+review-confirmed,CONFIRM,Misconception concerns constitutional basis for Civil Rights Act.,Relates to constitutional safeguards of rights.,The Civil Rights Act of 1964 relied exclusively on the Fourteenth Amendment for constitutional authority.
604,4,FCLE,SS.7.CG.3.8,SS.7.CG.3.8,draft+review-confirmed,CONFIRM,Misconception concerns executive branch treaty powers.,Relates to executive branch processes.,Executive agreements allow presidents to completely bypass Senate treaty ratification requirements.
615,1,FCLE,SS.7.CG.2.8,SS.7.CG.2.8,draft+review-confirmed,CONFIRM,Explains how interest groups influence government via collective action.,Directly addresses the impact and organization of interest groups.,Olson's logic of collective action means large interest groups are more powerful because they have more members.
616,1,FCLE,SS.7.CG.2.9,SS.7.CG.2.8,reviewer-accepted,DISPUTE-then-replacement,Distinguishes types of polarization in political communications.,"Polarization is a political phenomenon, not media bias or propaganda.",Affective polarization and ideological polarization are the same — hating the other party means you disagree.
617,1,FCLE,SS.7.CG.2.9,SS.7.CG.2.8,reviewer-accepted,DISPUTE-then-replacement,Analyzes how elite polarization influences mass political views.,"Relates to political behavior and party sorting, not media analysis.",Elite polarization causes mass polarization — ordinary Americans adopt extreme positions from politicians.
618,1,FCLE,SS.7.CG.2.9,SS.7.CG.2.8,reviewer-accepted,DISPUTE-then-replacement,Examines how media narratives shape public opinion over time.,"Relates to party realignment, not media communications.",Critical elections cause party realignment because a single dramatic event changes everyone's party loyalty at once.
619,1,FCLE,SS.7.CG.2.9,SS.7.CG.2.8,reviewer-accepted,DISPUTE-then-replacement,Analyzes different models of party realignment in media.,"Relates to political science theories of realignment, not media.",Secular realignment and critical realignment are the same process described by different scholars.
620,1,FCLE,SS.7.CG.2.9,SS.7.CG.2.9,draft+review-confirmed,CONFIRM,Distinguishes distinct media effects on public opinion.,These are specific methods of media communication and influence.,"Agenda-setting, priming, and framing are three names for the same media effect on public opinion."
621,1,FCLE,SS.7.CG.2.9,SS.7.CG.2.9,draft+review-confirmed,CONFIRM,Explains the role of media gatekeeping in information flow.,Relates to how media selects and communicates information.,Gatekeeping in media means journalists secretly decide what information the public should and shouldn't know.
622,1,FCLE,SS.7.CG.2.9,SS.7.CG.2.9,draft+review-confirmed,CONFIRM,Clarifies how media data like polls influences public understanding.,Relates to analyzing political communications and data accuracy.,A poll's margin of error of ±3% means 97% of the time the poll result is correct.
623,1,FCLE,SS.7.CG.2.9,SS.7.CG.2.9,draft+review-confirmed,CONFIRM,Identifies deceptive media tactics used in political campaigns.,Push polls are examples of biased political communication.,Push polls are just regular opinion polls that happen to have biased questions.
624,1,FCLE,SS.7.CG.2.9,SS.7.CG.2.9,draft+review-confirmed,CONFIRM,Evaluates the validity of polling data and media claims.,Relates to polling bias and political communication accuracy.,The Bradley effect proves that white voters still lie to pollsters about supporting minority candidates.
625,1,FCLE,SS.7.CG.2.6,SS.7.CG.2.6,draft+review-confirmed,CONFIRM,Examines the specific process of direct democracy initiatives.,Directly concerns state-level voting and initiative processes.,Initiatives in all states work the same way — any citizen can put any measure on the ballot by collecting signatures.
626,1,FCLE,SS.7.CG.2.6,SS.7.CG.2.6,draft+review-confirmed,CONFIRM,Examines the election process and recall mechanisms.,Directly concerns the election and voting process.,Recall elections are a progressive-era reform that gives voters ultimate control over corrupt officials.
627,1,FCLE,SS.7.CG.2.6,SS.7.CG.2.6,draft+review-confirmed,CONFIRM,Examines the specific process of referendums in elections.,Directly concerns the election and voting process.,Referendums always allow citizens to reject laws passed by the legislature.
628,1,FCLE,SS.7.CG.2.6,SS.7.CG.2.6,draft+review-confirmed,CONFIRM,Examines voter registration rules and election administration.,Relates to voter registration and election administration laws.,Husted v. Randolph Institute (2018) ruled that states can purge voters from rolls for any reason.
629,1,FCLE,SS.7.CG.2.6,SS.7.CG.2.6,draft+review-confirmed,CONFIRM,Examines voter ID laws and election administration processes.,Relates to voter ID laws and election processes.,Crawford v. Marion County (2008) upheld voter ID laws because the Court found widespread in-person fraud.
630,1,FCLE,SS.7.CG.2.8,SS.7.CG.2.8,draft+review-confirmed,CONFIRM,Analyzes competing models of interest group influence.,Relates to how interest groups influence government.,"The pluralist, elite, and hyperpluralist models are mutually exclusive — only one accurately describes America."
631,1,FCLE,SS.7.CG.2.8,SS.7.CG.2.8,draft+review-confirmed,CONFIRM,Analyzes how competing interest groups impact government.,Relates to the impact of competing interest groups.,Hyperpluralism is just pluralism with more groups — more participation means better democracy.
632,1,FCLE,SS.7.CG.2.8,SS.7.CG.2.8,draft+review-confirmed,CONFIRM,Explains how interest groups overcome collective action problems.,Relates to the organization and impact of interest groups.,The collective action problem only affects large public interest groups — business groups don't face it.
633,1,FCLE,SS.7.CG.2.8,SS.7.CG.2.8,reviewer-accepted,DISPUTE-then-replacement,Analyzes citizen beliefs about government responsiveness.,"Efficacy is a psychological concept, not media or group impact.",Political efficacy means believing the government always does the right thing.
634,1,FCLE,SS.7.CG.2.8,SS.7.CG.2.8,draft+review-confirmed,CONFIRM,Explains rational choice theory regarding interest group membership.,Relates to the behavior and impact of interest groups.,Rational choice theory explains that people join interest groups because they want to change policy.
635,1,FCLE,SS.7.CG.2.6,SS.7.CG.2.6,reviewer-accepted,DISPUTE-then-replacement,Misconception about how political parties and elections function.,"Party realignment concerns political parties, not the voting process itself.",A party realignment means one party collapses and a completely new party takes its place.
636,1,FCLE,SS.7.CG.1.2,SS.7.CG.1.2,draft+review-confirmed,CONFIRM,Misconception about natural rights and founding principles of government.,Relates directly to Enlightenment principles and founding ideas.,"Natural rights mean the government must provide citizens with food, shelter, and healthcare."
637,1,FCLE,SS.7.CG.1.2,SS.7.CG.1.2,draft+review-confirmed,CONFIRM,Misconception about political philosophy underlying founding ideas.,Relates to foundational political philosophy and principles.,Hobbes' Leviathan was a proposal for actual government — he wanted a real nation with one absolute ruler.
638,1,FCLE,SS.7.CG.2.8,SS.7.CG.2.8,draft+review-confirmed,CONFIRM,Misconception about interest groups influencing government.,Describes how interest groups and agencies influence government.,"Issue networks and iron triangles are the same — both describe how agencies, Congress, and interest groups collaborate."
639,1,FCLE,SS.7.CG.2.8,SS.7.CG.2.8,reviewer-accepted,DISPUTE-then-replacement,Misconception about social capital and civic engagement.,"Social capital is a sociological concept, not an influence on government.",Social capital only means having connections to powerful people who can help you politically.
640,1,FCLE,SS.7.CG.2.9,SS.7.CG.2.9,reviewer-accepted,DISPUTE-then-replacement,Misconception about media influence and polling.,"Bandwagon effect is a psychological phenomenon, not media bias/propaganda.",The bandwagon effect in polling means polls are unreliable and should be ignored during elections.
641,1,FCLE,SS.7.CG.2.9,SS.7.CG.2.9,reviewer-accepted,DISPUTE-then-replacement,Misconception about media methods and polling accuracy.,"RDD is a polling methodology, not media communication analysis.",Random digit dialing (RDD) in polling means calling people randomly from the phone book.
642,1,FCLE,SS.7.CG.2.8,SS.7.CG.2.8,reviewer-accepted,DISPUTE-then-replacement,Misconception about agents of political socialization.,"Religion is an agent of socialization, not an interest group.",Religious affiliation is the weakest agent of political socialization in modern America.
643,1,FCLE,SS.7.CG.2.8,SS.7.CG.2.8,reviewer-accepted,DISPUTE-then-replacement,Misconception about political socialization and generational effects.,"Generational effects are sociological, not media or interest group impacts.",Generational replacement means younger voters always support more liberal candidates than older voters.
644,1,FCLE,SS.7.CG.2.6,SS.7.CG.2.6,reviewer-accepted,DISPUTE-then-replacement,Misconception about how political parties function in elections.,"Relates to party structure and organization, not the voting process.","The responsible party model means parties should be disciplined like parliamentary parties, voting as unified blocs."
645,1,FCLE,SS.7.CG.2.8,SS.7.CG.2.8,draft+review-confirmed,CONFIRM,Misconception about interest groups influencing government.,Directly addresses the impact of interest groups on monitoring government.,Interest group ratings of legislators are objective measures of how liberal or conservative a member of Congress is.
646,1,FCLE,SS.7.CG.2.6,SS.7.CG.2.6,reviewer-accepted,DISPUTE-then-replacement,Misconception about direct democracy and voting processes.,"Relates to forms of democracy, not the election process.","Direct democracy makes legislatures unnecessary — if citizens can vote on laws directly, representation is redundant."
647,1,FCLE,SS.7.CG.2.9,SS.7.CG.2.9,draft+review-confirmed,CONFIRM,Misconception about media freedom and bias.,Relates to analyzing media communications and bias.,The First Amendment press freedom clause means media have a constitutional duty to report fairly and accurately.
648,1,FCLE,SS.7.CG.2.6,SS.7.CG.2.6,draft+review-confirmed,CONFIRM,Misconception about voting rights and suffrage history.,Relates to the history of suffrage and voting rights.,Suffrage expansion in America followed a clear progressive trajectory — each amendment added more groups to voter rolls.
649,1,FCLE,SS.7.CG.2.6,SS.7.CG.2.6,reviewer-accepted,DISPUTE-then-replacement,Misconception about voting patterns and political participation.,"Gender gap is a demographic voting trend, not the process.",The gender gap in voting means women always vote Democratic and men always vote Republican.
650,1,FCLE,SS.7.CG.2.6,SS.7.CG.2.6,reviewer-accepted,DISPUTE-then-replacement,Misconception about how elections and parties work.,"Relates to electoral systems and party competition, not voting process.",Third parties in America fail because the two major parties conspire to keep them off ballots.
651,1,FCLE,SS.7.CG.2.6,SS.7.CG.2.6,reviewer-accepted,DISPUTE-then-replacement,Misconception about electoral systems and voting.,"Relates to electoral system theory, not the voting process.",Duverger's Law is a legal rule that prevents third parties from appearing on ballots in the United States.
652,1,FCLE,SS.7.CG.1.2,SS.7.CG.1.2,draft+review-confirmed,CONFIRM,Misconception about origins of popular sovereignty.,Relates to the principles underlying founding ideas.,Popular sovereignty originated with the American Founders as a completely original democratic idea.
653,1,FCLE,SS.7.CG.2.8,SS.7.CG.2.8,draft+review-confirmed,CONFIRM,Misconception about interest groups and lobbying.,Relates to how individuals and interest groups influence government.,Grassroots lobbying is less effective than inside lobbying because ordinary citizens can't influence policymakers.
654,1,FCLE,SS.7.CG.2.6,SS.7.CG.2.6,draft+review-confirmed,CONFIRM,Misconception about forms of political participation.,Relates to the broader definition of political participation/voting.,"Political participation only means voting — if you don't vote, you're not participating in democracy."
655,2,FCLE,SS.7.CG.3.9,SS.7.CG.3.9,draft+review-confirmed,CONFIRM,Misconception concerns judicial philosophy and judicial branch function.,Relates to judicial philosophy and interpretation processes.,Originalism and textualism are the same judicial philosophy — both mean judges should read the Constitution literally.
656,2,FCLE,SS.7.CG.3.9,SS.7.CG.3.9,draft+review-confirmed,CONFIRM,Misconception concerns judicial philosophy and judicial branch function.,Relates to judicial interpretation of constitutional principles.,Living constitutionalism means judges can make up whatever rights they think society needs.
657,2,FCLE,SS.7.CG.3.7,SS.7.CG.3.7,draft+review-confirmed,CONFIRM,Misconception concerns Congressional spending power and legislative process.,Relates to specific powers of the legislative branch.,The Spending Clause lets Congress spend money on anything it wants as long as it appropriates funds.
658,2,FCLE,SS.7.CG.3.7,SS.7.CG.3.7,draft+review-confirmed,CONFIRM,Misconception concerns Congressional taxing and spending powers.,Relates to specific powers of the legislative branch.,The Taxing Power and the Spending Power are the same — both let Congress raise and spend money freely.
659,2,FCLE,SS.7.CG.3.8,SS.7.CG.3.8,draft+review-confirmed,CONFIRM,Misconception concerns presidential enforcement duties and executive branch.,Relates to executive duties and enforcement.,The Take Care Clause requires the president to personally enforce every federal law on the books.
660,2,FCLE,SS.7.CG.3.8,SS.7.CG.3.8,draft+review-confirmed,CONFIRM,Misconception concerns presidential foreign affairs and executive agreements.,Relates to executive authority in foreign affairs.,Executive agreements are unconstitutional because only Senate-ratified treaties described in Article II are valid.
661,2,FCLE,SS.7.CG.3.8,SS.7.CG.3.8,draft+review-confirmed,CONFIRM,Misconception concerns war powers and presidential authority.,Relates to executive role as commander in chief.,The commander-in-chief clause lets the president declare war without congressional approval on military matters.
662,2,FCLE,SS.7.CG.3.2,SS.7.CG.1.9,reviewer-accepted,DISPUTE-then-replacement,Misconception concerns federalism and state treatment of citizens.,Relates to individual rights and constitutional protections.,The Privileges and Immunities Clause prevents states from treating out-of-state residents differently in any situation.
663,2,FCLE,SS.7.CG.3.2,SS.7.CG.3.2,reviewer-accepted,DISPUTE-then-replacement,Misconception concerns Guarantee Clause and federal-state relations.,Relates to federalism and state sovereignty.,The Guarantee Clause lets the federal government intervene anytime a state government is inefficient or unpopular.
664,2,FCLE,SS.7.CG.3.2,SS.7.CG.3.2,draft+review-confirmed,CONFIRM,Misconception concerns federal-state power balance and federalism.,Relates to federalism and division of power.,New Federalism under Reagan returned significant power to the states by cutting federal programs.
665,2,FCLE,SS.7.CG.3.7,SS.7.CG.3.7,reviewer-accepted,DISPUTE-then-replacement,Misconception concerns preemption and federal-state legislative relations.,"Preemption is a matter of federal supremacy/law, not legislative process.","Express, implied, and conflict preemption are just different terms for federal law overriding state law."
666,2,FCLE,SS.7.CG.3.7,SS.7.CG.3.7,draft+review-confirmed,CONFIRM,Misconception concerns legislative process and conference committees.,Relates to the legislative lawmaking process.,Conference committees can rewrite bills completely — they can change anything the House and Senate passed.
667,2,FCLE,SS.7.CG.3.7,SS.7.CG.3.7,draft+review-confirmed,CONFIRM,Misconception concerns Speaker of House and legislative branch structure.,Relates to legislative leadership and structure.,The Speaker of the House is the most powerful member because the Constitution grants special executive-like authority.
668,2,FCLE,SS.7.CG.3.7,SS.7.CG.3.7,draft+review-confirmed,CONFIRM,Misconception concerns party whips and legislative voting process.,Relates to legislative branch internal processes.,The whip system in Congress forces members to vote with their party on every bill.
669,2,FCLE,SS.7.CG.3.7,SS.7.CG.3.7,draft+review-confirmed,CONFIRM,Misconception concerns sunset provisions and legislative lawmaking.,Relates to legislative processes and law duration.,Sunset provisions mean a law automatically becomes permanent after a review period if no one objects.
670,2,FCLE,SS.7.CG.3.9,SS.7.CG.3.9,draft+review-confirmed,CONFIRM,Misconception concerns agency discretion and judicial review.,Relates to judicial review of agency actions.,Administrative discretion means agencies can interpret and enforce laws however they want with no oversight.
671,2,FCLE,SS.7.CG.3.2,SS.7.CG.3.2,draft+review-confirmed,CONFIRM,Misconception concerns state vs federal constitutional importance.,Relates to federalism and state vs federal authority.,State constitutions are less important than the federal Constitution because federal law always overrides them.
672,2,FCLE,SS.7.CG.3.8,SS.7.CG.3.8,draft+review-confirmed,CONFIRM,Misconception concerns governor veto power and executive branch.,Relates to executive veto powers.,The line-item veto lets governors veto individual words or phrases within a bill they dislike.
673,2,FCLE,SS.7.CG.3.5,SS.7.CG.3.5,draft+review-confirmed,CONFIRM,Misconception concerns Article V amendment process and conventions.,Relates to the Article V amendment process.,A constitutional convention under Article V has never happened because Congress refuses to call one.
674,2,FCLE,SS.7.CG.3.5,SS.7.CG.3.5,draft+review-confirmed,CONFIRM,Misconception concerns failed amendments and Article V process.,Relates to the amendment process and ratification.,The failed Equal Rights Amendment is the only significant proposed amendment that never got ratified.
675,2,FCLE,SS.7.CG.3.3,SS.7.CG.3.3,draft+review-confirmed,CONFIRM,Explains the structure and design priority of the legislative branch.,Relates to the structure and design of the branches.,Article I comes first because the framers considered Congress more important than the presidency.
676,2,FCLE,SS.7.CG.3.7,SS.7.CG.3.7,draft+review-confirmed,CONFIRM,Explains the legislative power to establish bankruptcy laws.,Relates to specific legislative powers under Article I.,The bankruptcy clause in Article I gives individuals the right to discharge all debts without consequence.
677,2,FCLE,SS.7.CG.3.7,SS.7.CG.3.7,draft+review-confirmed,CONFIRM,Explains the legislative power to grant limited-time intellectual property rights.,Relates to legislative authority over intellectual property.,The Patent and Copyright Clause gives inventors and authors permanent exclusive rights to their work.
678,2,FCLE,SS.7.CG.3.8,SS.7.CG.3.8,draft+review-confirmed,CONFIRM,Explains the functions and processes of the executive branch.,Relates to presidential communication and leadership functions.,Going public — presidents appealing directly to the public — is a new phenomenon invented by modern media presidents.
679,2,FCLE,SS.7.CG.3.9,SS.7.CG.3.7,reviewer-accepted,DISPUTE-then-replacement,Explains the judicial interpretation of the Presentment Clause.,Presentment is a legislative process involving the President.,"The Presentment Clause is straightforward — the president signs or vetoes bills, nothing controversial about it."
680,2,FCLE,SS.7.CG.3.8,SS.7.CG.3.8,draft+review-confirmed,CONFIRM,Explains the nature of inherent executive powers in foreign relations.,Relates to the scope of executive authority.,Inherent powers are listed in the Constitution alongside enumerated powers — they're just harder to find.
681,2,FCLE,SS.7.CG.3.7,SS.7.CG.3.7,draft+review-confirmed,CONFIRM,Explains legislative limits on delegating lawmaking power to agencies.,Relates to legislative delegation of power.,The nondelegation doctrine is dead — Congress can delegate all its lawmaking power to agencies without limits.
682,2,FCLE,SS.7.CG.3.9,SS.7.CG.3.9,draft+review-confirmed,CONFIRM,Explains the judicial branch's interpretive methods and bounds.,Relates to judicial interpretive methods.,Judicial pragmatism means judges make practical decisions ignoring the law to do what works best for society.
683,2,FCLE,SS.7.CG.3.9,SS.7.CG.3.2,reviewer-accepted,DISPUTE-then-replacement,Explains the judicial interpretation of the Full Faith and Credit Clause.,Relates to federalism and interstate relations.,The Full Faith and Credit Clause means every state must recognize every other state's laws exactly as written.
684,2,FCLE,SS.7.CG.3.2,SS.7.CG.3.2,reviewer-accepted,DISPUTE-then-replacement,Explains federal limits on state compacts to protect national unity.,Relates to federalism and state-federal relations.,Interstate compacts require congressional approval only when they involve large amounts of money.
685,2,FCLE,SS.7.CG.3.8,SS.7.CG.3.8,reviewer-accepted,DISPUTE-then-replacement,Explains the executive branch's restrictions on accepting foreign gifts.,"Emoluments apply to all federal officers, not just executive.",The Emoluments Clause only applies to the president — members of Congress and judges can accept foreign gifts.
686,2,FCLE,SS.7.CG.3.9,SS.7.CG.3.9,draft+review-confirmed,CONFIRM,Explains the judicial interpretation of sovereign immunity exceptions.,Relates to judicial limitations and legal immunity.,Sovereign immunity means state governments can never be sued in federal court under any circumstances.
687,2,FCLE,SS.7.CG.3.7,SS.7.CG.3.7,draft+review-confirmed,CONFIRM,Explains the legislative power and conditions for admitting states.,Relates to congressional power over territories.,The Admissions Clause means Congress can admit any territory as a state without imposing any conditions.
688,2,FCLE,SS.7.CG.3.9,SS.7.CG.3.9,draft+review-confirmed,CONFIRM,Explains the judicial overruling of Chevron deference.,Relates to judicial review and agency deference.,Chevron deference meant courts always had to agree with whatever federal agencies decided.
689,2,FCLE,SS.7.CG.3.8,SS.7.CG.3.8,draft+review-confirmed,CONFIRM,Explains the contested nature of executive branch power theories.,Relates to theories of presidential power.,The unitary executive theory has been the dominant interpretation of presidential power throughout American history.
690,2,FCLE,SS.7.CG.3.7,SS.7.CG.3.7,draft+review-confirmed,CONFIRM,Explains the legislative branch's oversight tools and the legislative veto.,Relates to legislative oversight mechanisms.,The legislative veto was a minor procedural tool that no one used before the Supreme Court struck it down.
691,2,FCLE,SS.7.CG.3.9,SS.7.CG.1.9,reviewer-accepted,DISPUTE-then-replacement,Explains the judicial interpretation of the Ex Post Facto Clause.,Relates to constitutional limits on government power.,The Ex Post Facto Clause prevents Congress from retroactively changing the consequences of any past action.
692,2,FCLE,SS.7.CG.1.2,SS.7.CG.1.2,draft+review-confirmed,CONFIRM,Traces the principles behind the Three-Fifths Compromise.,Relates to founding principles and compromises.,The three-fifths compromise meant the Constitution declared enslaved people were three-fifths of a person.
693,2,FCLE,SS.7.CG.3.7,SS.7.CG.3.7,draft+review-confirmed,CONFIRM,Explains the fluctuating judicial interpretation of implied legislative powers.,Relates to legislative implied powers.,The Necessary and Proper Clause has always been interpreted the same way — either broadly or narrowly.
694,2,FCLE,SS.7.CG.1.2,SS.7.CG.1.2,draft+review-confirmed,CONFIRM,Traces the principles behind the Great Compromise on representation.,Relates to the founding constitutional structure.,The Great Compromise simply created a bicameral legislature — nothing mathematically complex about it.
695,2,FCLE,SS.7.CG.3.2,SS.7.CG.3.7,reviewer-accepted,DISPUTE-then-replacement,Federalism limits national power over commerce.,"Commerce power is a legislative power, not a federalism advantage.",The commerce power reached its maximum expansion under the New Deal and has been shrinking ever since.
696,2,FCLE,SS.7.CG.3.8,SS.7.CG.3.8,draft+review-confirmed,CONFIRM,Signing statements relate to executive branch powers.,Relates to executive functions and statutory enforcement.,Signing statements are unconstitutional because the president is either signing or vetoing — there's no middle ground.
697,2,FCLE,SS.7.CG.3.8,SS.7.CG.3.8,draft+review-confirmed,CONFIRM,Twenty-Fifth Amendment involves executive branch succession.,Relates to executive branch succession and disability.,The Twenty-Fifth Amendment has been used many times to remove presidents who were unfit for office.
698,2,FCLE,SS.7.CG.3.2,SS.7.CG.3.2,draft+review-confirmed,CONFIRM,Home rule defines state-local government relationship.,Relates to local sovereignty within a federal system.,Home rule means cities have the same constitutional sovereignty as states and can make laws independently.
699,2,FCLE,SS.7.CG.3.9,SS.7.CG.1.9,reviewer-accepted,DISPUTE-then-replacement,Habeas corpus suspension involves judicial rights.,"Relates to constitutional limits and checks, not judicial functions.",The Writ of Habeas Corpus can only be suspended by the president during wartime.
700,2,FCLE,SS.7.CG.3.9,SS.7.CG.1.9,reviewer-accepted,DISPUTE-then-replacement,Contracts Clause interpretation involves judicial review.,Relates to constitutional limitations on state power.,The Contracts Clause prevents any government from interfering with private contracts under any circumstances.
701,2,FCLE,SS.7.CG.3.7,SS.7.CG.3.7,draft+review-confirmed,CONFIRM,Enumerated vs implied powers define Congress.,Relates to the scope of congressional authority.,The Enumerated Powers are the only powers Congress has — anything not listed is beyond congressional authority.
702,2,FCLE,SS.7.CG.3.9,SS.7.CG.1.9,reviewer-accepted,DISPUTE-then-replacement,Judicial tenure and impeachment involve judiciary.,Relates to checks and balances on the judiciary.,Federal judges serve for life because the Founders wanted to insulate them from any accountability whatsoever.
703,2,FCLE,SS.7.CG.3.8,SS.7.CG.3.8,reviewer-accepted,DISPUTE-then-replacement,Appointments Clause defines executive hiring.,Appointments are an executive function involving Senate interaction.,The Appointments Clause is straightforward — the president appoints whoever they want with Senate confirmation.
704,2,FCLE,SS.7.CG.3.7,SS.7.CG.3.7,draft+review-confirmed,CONFIRM,Speech or Debate Clause protects legislators.,Relates to legislative protections and functions.,The Speech or Debate Clause means members of Congress can say anything without any legal consequences.
390,4,FCLE,SS.7.CG.3.11,SS.7.CG.3.11,draft+review-confirmed,CONFIRM,Explains how Supreme Court decisions applied rights to states.,Relates to effects of landmark decisions on constitutional interpretation.,The Bill of Rights always applied to state governments from the very beginning.
391,4,FCLE,SS.7.CG.3.11,SS.7.CG.3.11,draft+review-confirmed,CONFIRM,Explains how Supreme Court decisions applied rights to states.,Relates to effects of landmark decisions on constitutional interpretation.,Selective incorporation means the Supreme Court picked and chose which rights to protect based on personal preference.
392,4,FCLE,SS.7.CG.3.11,SS.7.CG.3.11,draft+review-confirmed,CONFIRM,Explains how Supreme Court decisions applied rights to states.,Relates to effects of landmark decisions on law and liberty.,Mapp v. Ohio just said police need a warrant to search your house — which was already the rule.
393,4,FCLE,SS.7.CG.2.3,SS.7.CG.2.3,reviewer-accepted,DISPUTE-then-replacement,Identifies the right to counsel in the Bill of Rights.,Focuses on identifying specific rights within the Bill of Rights.,"If you can't afford a lawyer, you just have to represent yourself in court."
394,4,FCLE,SS.7.CG.2.3,SS.7.CG.2.3,reviewer-accepted,DISPUTE-then-replacement,Identify rights in Bill of Rights like Miranda warnings. (repaired),Focuses on identifying specific rights within the Bill of Rights.,Miranda rights are just a formality — police have to read them but it doesn't really matter if they don't.
405,1,FCLE,SS.7.CG.1.2,SS.7.CG.1.2,draft+review-confirmed,CONFIRM,Distinguishes natural rights from legal rights in founding philosophy.,Relates to foundational principles of law and government.,Locke's natural rights are identical to the legal rights granted by the Constitution.
406,1,FCLE,SS.7.CG.1.2,SS.7.CG.1.2,draft+review-confirmed,CONFIRM,"Traces separation of powers roots to ancient thought, not just Montesquieu.",Relates to foundational principles of law and government.,"Montesquieu invented the separation of powers, and the Founders copied his model directly."
407,1,FCLE,SS.7.CG.1.2,SS.7.CG.1.2,draft+review-confirmed,CONFIRM,Clarifies Locke's view that natural rights pre-exist government.,Relates to foundational principles of law and government.,Locke believed natural rights are granted by the government to protect citizens.
408,1,FCLE,SS.7.CG.1.6,SS.7.CG.1.6,draft+review-confirmed,CONFIRM,Analyzes Declaration's modification of Locke's property right.,Directly analyzes ideas within the Declaration of Independence.,The Declaration's 'pursuit of happiness' was Locke's original phrasing for natural rights.
409,1,FCLE,SS.7.CG.1.2,SS.7.CG.1.2,draft+review-confirmed,CONFIRM,Explains separation of powers requires checks and balances.,Relates to foundational principles of law and government.,Montesquieu's separation of powers means each branch operates independently with no checks on the others.
410,1,FCLE,SS.7.CG.1.2,SS.7.CG.1.2,draft+review-confirmed,CONFIRM,Corrects view of Locke's peaceful state of nature.,Relates to foundational principles of law and government.,"Locke's state of nature was chaotic and violent, which is why people needed government."
411,1,FCLE,SS.7.CG.1.2,SS.7.CG.1.2,draft+review-confirmed,CONFIRM,"Identifies social contract as philosophical concept, not literal document.",Relates to foundational principles of law and government.,The social contract is a literal written document that citizens sign when they become adults.
412,1,FCLE,SS.7.CG.1.6,SS.7.CG.1.6,draft+review-confirmed,CONFIRM,Links right to dissolve contract to Declaration of Independence.,Relates to the right to alter/abolish in the Declaration.,"Once a social contract is formed, it cannot be broken or altered by the people."
413,1,FCLE,SS.7.CG.1.2,SS.7.CG.1.2,draft+review-confirmed,CONFIRM,Distinguishes Locke's influence on US Constitution from Rousseau.,Relates to foundational principles of law and government.,The U.S. Constitution is based on Rousseau's version of the social contract.
414,1,FCLE,SS.7.CG.1.6,SS.7.CG.1.6,draft+review-confirmed,CONFIRM,Connects right of revolution to Declaration of Independence.,Relates to the right to alter/abolish in the Declaration.,"Social contract theory means citizens must always obey government, even when it becomes tyrannical."
555,4,FCLE,SS.7.CG.3.11,SS.7.CG.3.11,draft+review-confirmed,CONFIRM,Explains how Supreme Court decisions define judicial review.,Relates to effects of landmark decisions on constitutional interpretation.,Marbury gave courts power to strike down laws they consider unwise or unfair policy.
556,4,FCLE,SS.7.CG.3.11,SS.7.CG.3.11,draft+review-confirmed,CONFIRM,Explains how Supreme Court decisions applied rights to states.,Relates to effects of landmark decisions on constitutional interpretation.,The 14th Amendment immediately incorporated the entire Bill of Rights against the states upon ratification.
557,4,FCLE,SS.7.CG.3.11,SS.7.CG.3.11,draft+review-confirmed,CONFIRM,Explains how Supreme Court decisions interpreted constitutional rights.,Relates to effects of landmark decisions on law and liberty.,"Roe v Wade established an absolute, unlimited right to abortion throughout all nine months of pregnancy."
558,4,FCLE,SS.7.CG.3.11,SS.7.CG.3.11,draft+review-confirmed,CONFIRM,Explains how Supreme Court decisions interpreted constitutional rights.,Relates to effects of landmark decisions on law and liberty.,Brown v Board explicitly overturned Plessy's separate but equal doctrine in all public contexts.
559,4,FCLE,SS.7.CG.3.11,SS.7.CG.3.11,draft+review-confirmed,CONFIRM,Explains how Supreme Court decisions interpreted constitutional powers.,Relates to effects of landmark decisions on constitutional interpretation.,McCulloch v Maryland established that Congress possesses unlimited implied powers via the Necessary and Proper Clause.
560,4,FCLE,SS.7.CG.3.11,SS.7.CG.3.11,draft+review-confirmed,CONFIRM,Explains how Supreme Court decisions interpreted constitutional rights.,Relates to effects of landmark decisions on constitutional interpretation.,The Equal Protection Clause requires government to treat all individuals and groups identically under the law.
561,4,FCLE,SS.7.CG.3.11,SS.7.CG.3.11,draft+review-confirmed,CONFIRM,Explains how Supreme Court decisions applied rights to states.,Relates to effects of landmark decisions on constitutional interpretation.,Selective incorporation has now fully applied all Bill of Rights protections against the states entirely.
562,4,FCLE,SS.7.CG.2.3,SS.7.CG.2.3,reviewer-accepted,DISPUTE-then-replacement,Identifies the right to counsel in the Bill of Rights.,Focuses on identifying specific rights within the Bill of Rights.,Gideon v Wainwright guaranteed the right to appointed counsel in all criminal proceedings without exception.
563,4,FCLE,SS.7.CG.3.11,SS.7.CG.3.11,draft+review-confirmed,CONFIRM,Explains how Supreme Court decisions can reverse precedents.,Relates to effects of landmark decisions on constitutional interpretation.,Supreme Court constitutional interpretations can only be reversed through formal constitutional amendment.
564,4,FCLE,SS.7.CG.3.11,SS.7.CG.3.11,draft+review-confirmed,CONFIRM,Explains how Supreme Court decisions applied rights to states.,Relates to effects of landmark decisions on constitutional interpretation.,Incorporation doctrine applies Bill of Rights protections to states through the Equal Protection Clause.
565,4,FCLE,SS.7.CG.3.11,SS.7.CG.3.11,draft+review-confirmed,CONFIRM,Explains how Supreme Court decisions interpreted free speech.,Relates to effects of landmark decisions on law and liberty.,Brandenburg overturned Schenck and made all political speech absolutely protected
566,4,FCLE,SS.7.CG.3.11,SS.7.CG.3.11,draft+review-confirmed,CONFIRM,Explains how Supreme Court decisions interpreted establishment clause.,Relates to effects of landmark decisions on constitutional interpretation.,The Lemon test remains the definitive framework for all Establishment Clause cases today
567,4,FCLE,SS.7.CG.3.11,SS.7.CG.3.11,draft+review-confirmed,CONFIRM,Explains how Supreme Court decisions interpreted free speech.,Relates to effects of landmark decisions on law and liberty.,Tinker's substantial disruption test applies equally to all student expression regardless of context
568,4,FCLE,SS.7.CG.3.11,SS.7.CG.3.11,draft+review-confirmed,CONFIRM,Explains how Supreme Court decisions interpreted establishment clause.,Relates to effects of landmark decisions on law and liberty.,"Engel v. Vitale's prohibition only applies to mandatory, state-composed religious exercises in schools"
569,4,FCLE,SS.7.CG.3.11,SS.7.CG.3.11,draft+review-confirmed,CONFIRM,Explains how Supreme Court decisions interpreted free speech.,Relates to effects of landmark decisions on law and liberty.,Barnette established that the Free Speech Clause protects against all forms of compelled expression
570,4,FCLE,SS.7.CG.3.11,SS.7.CG.3.11,draft+review-confirmed,CONFIRM,Analyzes effects of Supreme Court decisions on law and liberty.,Directly analyzes effects of NYT v. Sullivan decision.,NY Times v. Sullivan's actual malice standard applies to all defamation cases involving any plaintiff
571,4,FCLE,SS.7.CG.3.11,SS.7.CG.3.11,draft+review-confirmed,CONFIRM,Analyzes effects of Supreme Court decisions on law and liberty.,Analyzes effects of Miller test landmark decision.,The Miller test's community standards clause means obscenity law is uniform across entire states
572,4,FCLE,SS.7.CG.3.11,SS.7.CG.3.11,draft+review-confirmed,CONFIRM,Analyzes effects of Supreme Court decisions on law and liberty.,Analyzes effects of Employment Division v. Smith decision.,Employment Division v. Smith eliminated all strict scrutiny for laws that burden religious exercise
573,4,FCLE,SS.7.CG.3.11,SS.7.CG.3.11,draft+review-confirmed,CONFIRM,Analyzes effects of Supreme Court decisions on law and liberty.,Analyzes effects of Hazelwood v. Kuhlmeier decision.,Hazelwood v. Kuhlmeier overturned Tinker and eliminated student press rights in all school contexts
574,4,FCLE,SS.7.CG.3.11,SS.7.CG.3.11,draft+review-confirmed,CONFIRM,Analyzes effects of Supreme Court decisions on law and liberty.,Analyzes effects of incorporation landmark decisions.,The First Amendment was incorporated against the states through a single Supreme Court decision
575,4,FCLE,SS.7.CG.3.11,SS.7.CG.3.11,draft+review-confirmed,CONFIRM,Analyzes effects of Supreme Court decisions on law and liberty.,Analyzes effects of Miranda v. Arizona decision.,Miranda warnings are required whenever police question anyone.
576,4,FCLE,SS.7.CG.3.11,SS.7.CG.3.11,draft+review-confirmed,CONFIRM,Analyzes effects of Supreme Court decisions on law and liberty.,Analyzes judicial creation of the exclusionary rule.,The Fourth Amendment explicitly creates the exclusionary rule for illegally obtained evidence.
577,4,FCLE,SS.7.CG.3.11,SS.7.CG.3.11,draft+review-confirmed,CONFIRM,Analyzes effects of Supreme Court decisions on law and liberty.,Analyzes effects of Mapp v. Ohio decision.,Mapp v. Ohio was the first Supreme Court case to create the exclusionary rule.
578,4,FCLE,SS.7.CG.3.11,SS.7.CG.3.11,draft+review-confirmed,CONFIRM,Analyzes effects of Supreme Court decisions on law and liberty.,Analyzes effects of Gideon v. Wainwright decision.,Gideon v. Wainwright guaranteed counsel for all criminal defendants regardless of charge severity.
579,4,FCLE,SS.7.CG.3.11,SS.7.CG.3.11,draft+review-confirmed,CONFIRM,Analyzes effects of Supreme Court decisions on law and liberty.,Analyzes effects of Patane decision on Miranda.,Miranda violations require exclusion of all physical evidence discovered as a result.
580,4,FCLE,SS.7.CG.3.11,SS.7.CG.3.11,draft+review-confirmed,CONFIRM,Analyzes effects of Supreme Court decisions on law and liberty.,Analyzes effects of Escobedo and Miranda decisions.,Escobedo v. Illinois established the modern framework for the right to counsel during police interrogation.
581,4,FCLE,SS.7.CG.3.11,SS.7.CG.3.11,draft+review-confirmed,CONFIRM,Analyzes effects of Supreme Court decisions on law and liberty.,Analyzes effects of good faith exception decisions.,The good faith exception effectively nullified the exclusionary rule for modern policing.
582,4,FCLE,SS.7.CG.3.11,SS.7.CG.2.5,reviewer-accepted,DISPUTE-then-replacement,Analyzes effects of Supreme Court decisions on law and liberty.,Relates to trial process and administration of justice.,Evidence excluded in criminal trials is also inadmissible in grand jury and civil proceedings.
583,4,FCLE,SS.7.CG.3.11,SS.7.CG.3.11,draft+review-confirmed,CONFIRM,Analyzes effects of Supreme Court decisions on law and liberty.,Analyzes effects of Miranda v. Arizona decision.,"Once Miranda warnings are given, suspects cannot voluntarily waive their rights and speak with police."
584,4,FCLE,SS.7.CG.3.11,SS.7.CG.3.11,draft+review-confirmed,CONFIRM,Analyzes effects of Supreme Court decisions on law and liberty.,Analyzes effects of Escobedo decision.,Escobedo v. Illinois remains the primary precedent governing police interrogation rights today.
585,4,FCLE,SS.7.CG.3.11,SS.7.CG.3.11,draft+review-confirmed,CONFIRM,Analyzes effects of Supreme Court decisions on law and liberty.,Analyzes effects of Heart of Atlanta Motel decision.,The Civil Rights Act of 1964 relied exclusively on the 14th Amendment for its constitutional authority.
586,4,FCLE,SS.7.CG.3.11,SS.7.CG.3.6,reviewer-accepted,DISPUTE-then-replacement,Analyzes effects of Supreme Court decisions on law and liberty.,Relates to broadening participation in political process.,The Voting Rights Act of 1965 applied uniform preclearance requirements to all 50 states equally.
587,4,FCLE,SS.7.CG.3.11,SS.7.CG.2.4,reviewer-accepted,DISPUTE-then-replacement,Analyzes effects of Supreme Court decisions on law and liberty.,Relates to safeguarding individual rights via legislation.,The ADA's employment provisions apply to all employers regardless of company size.
588,4,FCLE,SS.7.CG.3.11,SS.7.CG.3.11,draft+review-confirmed,CONFIRM,Analyzes effects of Supreme Court decisions on law and liberty.,Analyzes effects of Shelby County v. Holder decision.,Shelby County v. Holder (2013) struck down the VRA's preclearance requirement entirely.
589,4,FCLE,SS.7.CG.3.11,SS.7.CG.3.6,reviewer-accepted,DISPUTE-then-replacement,Analyzes effects of Supreme Court decisions on law and liberty.,Relates to civil rights and political participation history.,The Civil Rights Act of 1964 was the first federal statute addressing employment discrimination.
590,4,FCLE,SS.7.CG.2.4,SS.7.CG.2.3,reviewer-accepted,DISPUTE-then-replacement,Explains how laws safeguard rights against discrimination.,"Relates to statutory civil rights, not constitutional safeguards.",The ADA established the first federal prohibition on disability discrimination in American law.
591,4,FCLE,SS.7.CG.2.4,SS.7.CG.3.11,reviewer-preferred,CONFIRM-with-better-code,Explains how laws safeguard rights against discrimination.,Focuses on constitutional interpretation and Supreme Court authority.,Title II of the Civil Rights Act was grounded in the Equal Protection Clause of the 14th Amendment.
592,4,FCLE,SS.7.CG.2.4,SS.7.CG.3.6,reviewer-preferred,CONFIRM-with-better-code,Explains how laws safeguard rights against discrimination.,Directly concerns the 14th and 15th Amendments' impact.,The Voting Rights Act of 1965 derived its authority exclusively from the 15th Amendment.
593,4,FCLE,SS.7.CG.2.4,SS.7.CG.2.3,reviewer-accepted,DISPUTE-then-replacement,Explains how laws safeguard rights against discrimination.,"Concerns statutory employment law, not constitutional rights.",Title VII of the Civil Rights Act prohibits all employers from discriminating in employment practices.
594,4,FCLE,SS.7.CG.2.4,SS.7.CG.2.3,reviewer-accepted,DISPUTE-then-replacement,Explains how laws safeguard rights against discrimination.,"Relates to statutory compliance, not constitutional protections.",The ADA requires employers to provide reasonable accommodation without exception for any disability claim.
605,1,FCLE,SS.7.CG.1.2,SS.7.CG.1.2,draft+review-confirmed,CONFIRM,Compares Hobbes and Locke on consent and rights in founding.,Relates to foundational principles of law and government.,Hobbes and Locke had no common ground — Hobbes wanted absolute monarchy while Locke wanted democracy.
606,1,FCLE,SS.7.CG.1.2,SS.7.CG.1.2,draft+review-confirmed,CONFIRM,Distinguishes Rousseau's general will from simple majority rule.,Relates to foundational principles of law and government.,Rousseau's general will is just another term for majority rule in a democracy.
607,1,FCLE,SS.7.CG.1.2,SS.7.CG.1.2,draft+review-confirmed,CONFIRM,Explains Montesquieu's view that government fits specific societies.,Relates to foundational principles of law and government.,Montesquieu's Spirit of the Laws argued that one form of government is best for all societies.
608,1,FCLE,SS.7.CG.2.8,SS.7.CG.2.8,reviewer-accepted,DISPUTE-then-replacement,Describes lifelong nature of political socialization.,"Socialization is not explicitly media, individuals, or interest groups.",Political socialization is a one-time process that ends when you reach voting age.
609,1,FCLE,SS.7.CG.2.8,SS.7.CG.2.8,reviewer-accepted,DISPUTE-then-replacement,Explains family's role in party ID vs. issue positions.,"Family is not media, individuals, or interest groups.",Family influence is the strongest agent of political socialization because parents directly teach ideology.
610,1,FCLE,SS.7.CG.2.6,SS.7.CG.2.6,draft+review-confirmed,CONFIRM,Explains rational voter paradox and civic duty in voting.,Relates to the rational calculus of the voting process.,Downs' economic theory of voting says people vote because their single vote's expected benefit outweighs the cost.
611,1,FCLE,SS.7.CG.2.6,SS.7.CG.2.6,draft+review-confirmed,CONFIRM,Explains structural barriers and rational calculus in voter turnout.,Relates to the election and voting process.,Low voter turnout proves Americans are apathetic and don't care about democracy.
612,1,FCLE,SS.7.CG.2.8,SS.7.CG.2.8,reviewer-accepted,DISPUTE-then-replacement,Analyzes decline of social capital and civic engagement.,"Social capital is not media, individuals, or interest groups.",Putnam's Bowling Alone thesis proved that social capital has declined since the 1950s due to technology.
613,1,FCLE,SS.7.CG.2.6,SS.7.CG.2.6,draft+review-confirmed,CONFIRM,Explains impact of Shelby County on voting rights process.,Relates to the election and voting process.,Shelby County v. Holder (2013) restored voting rights by ending federal oversight of discriminatory states.
614,1,FCLE,SS.7.CG.2.6,SS.7.CG.2.6,draft+review-confirmed,CONFIRM,Analyzes gerrymandering impact on voting districts and rights.,Relates to the election and voting process.,Gerrymandering is purely a partisan tool used by the party in power to redraw districts to hurt the opposition.
